{"cameraMode":{"drawMode":0,"name":"Shaded","section":"Shading Mode"},"sceneLighting":true,"audioPlay":false,"sceneViewState":{"showFog":true,"showMaterialUpdate":false,"showSkybox":true,"showFlares":true,"showImageEffects":true,"showParticleSystems":true},"in2DMode":false,"pivot":{"x":-10.074247360229493,"y":-3.4197630882263185,"z":11.663443565368653},"rotation":{"x":0.2848908007144928,"y":0.3355552554130554,"z":-0.10723445564508438,"w":0.8914928436279297},"size":150.0587158203125,"orthographic":false}